y,F1,F2,F3,F4
3,4,0.31871033,0.7782593,0.12817383
3,14,0.2099762,0.69763184,0.27111816
3,22,0.20507812,0.613327,0.17825317
3,32,0.2136383,0.508255,0.027999878
3,41,0.09635925,0.31033325,-0.02331543
3,51,-0.07221985,0.08187866,-0.034301758
3,61,-0.1882782,-0.12336731,-0.07217407
3,71,-0.25793457,-0.2711792,-0.10394287
3,80,-0.2982483,-0.3371582,-0.09661865
3,90,-0.3067932,-0.34571838,-0.07217407
3,99,-0.2835846,-0.34083557,-0.04286194
3,109,-0.24449158,-0.3493805,-0.017196655
3,120,-0.2041626,-0.3738098,-0.003768921
3,129,-0.16506958,-0.3835907,0.003570557
3,138,-0.12721252,-0.3567047,0.02067566
3,147,-0.08444214,-0.289505,0.043884277
3,158,-0.023361206,-0.20767212,0.046325684
,,,,
3,5,0.20143127,0.77337646,0.3554077
3,15,0.1928711,0.6292114,0.24055481
3,25,0.20263672,0.4777069,0.059768677
3,31,0.09269714,0.25169373,-0.022094727
3,41,-0.078323364,0.008560181,-0.056289673
3,50,-0.20904541,-0.19787598,-0.0978241
3,61,-0.2713623,-0.3395996,-0.12715149
3,71,-0.29580688,-0.4031372,-0.11982727
3,80,-0.29335022,-0.42144775,-0.09538269
3,89,-0.2713623,-0.42390442,-0.06729126
3,99,-0.2383728,-0.41412354,-0.041641235
3,110,-0.20172119,-0.3848114,-0.022094727
3,120,-0.16751099,-0.3212738,0.015792847
3,129,-0.12475586,-0.23820496,0.03656006
3,139,-0.067337036,-0.15023804,0.030441284
,,,,
3,2,0.30526733,0.88331604,0.23446655
3,7,0.18554688,0.7306061,0.354187
3,17,0.1940918,0.61209106,0.19902039
3,31,0.20019531,0.45205688,0.027999878
3,36,0.07437134,0.22116089,-0.03186035
3,45,-0.102767944,-0.015853882,-0.053848267
3,55,-0.21760559,-0.20275879,-0.092941284
3,64,-0.25914,-0.32250977,-0.1161499
3,74,-0.26159668,-0.36160278,-0.110061646
3,83,-0.24571228,-0.3542633,-0.08805847
3,93,-0.22128296,-0.3395996,-0.057525635
3,103,-0.1882782,-0.3383789,-0.03186035
3,112,-0.1589508,-0.3518219,-0.018417358
3,122,-0.12721252,-0.36038208,-0.012313843
3,133,-0.095443726,-0.34449768,-0.003768921
3,140,-0.06123352,-0.29318237,0.016998291
3,149,-0.02458191,-0.22843933,0.021881104
,,,,
3,4,0.2087555,0.67562866,0.13793945
3,13,0.14767456,0.58277893,0.24911499
3,25,0.12322998,0.42884827,0.14770508
3,33,0.089019775,0.28590393,0.007232666
3,44,-0.022125244,0.123413086,-0.040420532
3,53,-0.14797974,-0.036605835,-0.046524048
3,60,-0.21760559,-0.16612244,-0.06484985
3,70,-0.23104858,-0.24308777,-0.07949829
3,78,-0.2224884,-0.2711792,-0.07829285
3,88,-0.20539856,-0.26997375,-0.06362915
3,97,-0.18951416,-0.2662964,-0.037963867
3,107,-0.1699524,-0.2577362,-0.017196655
3,116,-0.14797974,-0.24188232,-9.16E-05
3,126,-0.114974976,-0.19055176,0.01335144
3,138,-0.07221985,-0.11480713,0.023117065
3,147,-0.012359619,-0.045166016,0.014556885
,,,,
3,5,0.20751953,0.61698914,0.37495422
3,14,0.1452179,0.41905212,0.2833252
3,25,0.15133667,0.27612305,0.043884277
3,35,0.06704712,0.10874939,-0.06484985
3,43,-0.08566284,-0.056167603,-0.069732666
3,50,-0.18583679,-0.18078613,-0.07829285
3,60,-0.21028137,-0.2577362,-0.09661865
3,72,-0.2041626,-0.27729797,-0.08929443
3,79,-0.18951416,-0.25164795,-0.06729126
3,90,-0.17362976,-0.20767212,-0.04286194
3,99,-0.154068,-0.17100525,-0.008651733
3,110,-0.12841797,-0.15634155,0.015792847
3,117,-0.10032654,-0.15512085,0.025558472
3,129,-0.07588196,-0.14045715,0.039001465
3,139,-0.050231934,-0.12458801,0.035324097
,,,,
3,3,0.31626892,0.7684784,0.26376343
3,8,0.15377808,0.5009155,0.32609558
3,17,0.11834717,0.31033325,0.09396362
3,27,0.03161621,0.11729431,-0.07095337
3,38,-0.154068,-0.08305359,-0.07217407
3,46,-0.29212952,-0.22599792,-0.053848267
3,54,-0.3055725,-0.2919464,-0.07949829
3,63,-0.26281738,-0.29562378,-0.094177246
3,73,-0.22616577,-0.25408936,-0.07461548
3,83,-0.19195557,-0.19299316,-0.041641235
3,94,-0.16142273,-0.15634155,-0.004989624
3,103,-0.140625,-0.15390015,0.021881104
3,113,-0.12475586,-0.17955017,0.025558472
3,123,-0.10888672,-0.20767212,0.015792847
3,134,-0.09176636,-0.22232056,0.00479126
3,142,-0.07344055,-0.20275879,0.001113892
3,151,-0.05267334,-0.16366577,-0.002532959
,,,,
3,3,0.36512756,0.8075714,0.20025635
3,14,0.25273132,0.59376526,0.3040924
3,23,0.21975708,0.43984985,0.12937927
3,30,0.15133667,0.25169373,-0.036743164
3,39,-0.02458191,0.02444458,-0.06729126
3,49,-0.19927979,-0.18078613,-0.057525635
3,59,-0.2848053,-0.32250977,-0.077056885
3,69,-0.2982483,-0.39091492,-0.09173584
3,79,-0.2823639,-0.37991333,-0.07461548
3,89,-0.2566986,-0.32250977,-0.041641235
3,100,-0.22737122,-0.25408936,-0.004989624
3,110,-0.19683838,-0.21499634,0.018234253
3,119,-0.17118835,-0.2052002,0.019439697
3,127,-0.140625,-0.21499634,0.008453369
3,137,-0.11376953,-0.21987915,-0.006210327
3,146,-0.08444214,-0.19543457,-0.013534546
3,155,-0.050231934,-0.14779663,-0.017196655
,,,,
3,4,0.30770874,0.7770386,0.3358612
3,12,0.1953125,0.5119171,0.32609558
3,21,0.2111969,0.34454346,0.051208496
3,29,0.12445068,0.102645874,-0.117385864
3,39,-0.10154724,-0.15390015,-0.10882568
3,48,-0.2713623,-0.32861328,-0.07949829
3,60,-0.30801392,-0.4153595,-0.09173584
3,69,-0.2811432,-0.42512512,-0.08439636
3,80,-0.24205017,-0.3738098,-0.05140686
3,88,-0.19683838,-0.29562378,-0.01965332
3,97,-0.1565094,-0.23332214,0.006011963
3,107,-0.12109375,-0.20031738,0.016998291
3,117,-0.08932495,-0.18199158,0.010894775
3,127,-0.060012817,-0.16856384,0.001113892
3,136,-0.025802612,-0.13435364,-0.004989624
3,146,0.009628296,-0.092819214,-0.012313843
,,,,
3,4,0.31871033,0.80513,0.39083862
3,15,0.29916382,0.6292114,0.23690796
3,23,0.31748962,0.44717407,-0.009872437
3,33,0.15255737,0.16494751,-0.1002655
3,42,-0.10520935,-0.113586426,-0.09538269
3,51,-0.272583,-0.32861328,-0.12838745
3,61,-0.3214569,-0.45077515,-0.17236328
3,70,-0.32511902,-0.4837799,-0.16868591
3,81,-0.3055725,-0.45933533,-0.13447571
3,91,-0.2738037,-0.40802002,-0.09049988
3,103,-0.23960876,-0.3713684,-0.048965454
3,112,-0.20783997,-0.35914612,-0.025756836
3,121,-0.18218994,-0.3530426,-0.022094727
3,130,-0.154068,-0.3334961,-0.025756836
3,148,-0.118652344,-0.2736206,-0.014755249
3,155,-0.070999146,-0.18566895,-0.006210327
3,159,-0.014801025,-0.089157104,-0.00743103
,,,,
3,3,0.32603455,0.8356781,0.06707764
3,10,0.27349854,0.70983887,0.2723236
3,20,0.2087555,0.5009155,0.2698822
3,31,0.1940918,0.32377625,0.10372925
3,37,0.10368347,0.10386658,-0.012313843
3,47,-0.050231934,-0.09526062,-0.04408264
3,56,-0.15286255,-0.223526,-0.06362915
3,66,-0.16751099,-0.27485657,-0.08683777
3,75,-0.1381836,-0.26141357,-0.07829285
3,86,-0.09664917,-0.19911194,-0.053848267
3,95,-0.060012817,-0.14169312,-0.025756836
3,107,-0.047790527,-0.120910645,-0.001327515
3,115,-0.05633545,-0.15023804,0.010894775
3,124,-0.08078003,-0.21743774,0.007232666
3,135,-0.111328125,-0.29318237,-0.006210327
3,144,-0.12841797,-0.3322754,-0.01965332
3,153,-0.123535156,-0.3151703,-0.024536133
3,163,-0.099090576,-0.24797058,-0.02331543
3,172,-0.06855774,-0.15878296,-0.012313843
,,,,
3,2,0.38346863,0.77948,0.06707764
3,8,0.28329468,0.62187195,0.2564392
3,17,0.26985168,0.48747253,0.18925476
3,26,0.2930603,0.35798645,0.003570557
3,36,0.18920898,0.1600647,-0.07461548
3,45,0.010848999,-0.045166016,-0.07095337
3,55,-0.12231445,-0.22232056,-0.085617065
3,66,-0.18951416,-0.3542633,-0.10638428
3,75,-0.21760559,-0.41656494,-0.094177246
3,85,-0.21395874,-0.4019165,-0.06484985
3,94,-0.18463135,-0.3347168,-0.033081055
3,106,-0.14797974,-0.24920654,-0.001327515
3,113,-0.10888672,-0.16366577,0.023117065
3,122,-0.07221985,-0.09159851,0.04020691
3,132,-0.04045105,-0.03416443,0.047561646
3,143,-0.0050354,0.006118774,0.027999878
,,,,
3,4,0.36268616,0.7745819,0.04876709
3,12,0.2539673,0.62797546,0.26867676
3,21,0.22828674,0.48747253,0.22834778
3,29,0.27105713,0.36653137,0.03288269
3,39,0.1977539,0.17715454,-0.07585144
3,48,0.025512695,-0.036605835,-0.08439636
3,58,-0.11741638,-0.22232056,-0.10394287
3,68,-0.19195557,-0.3481598,-0.15159607
3,79,-0.2224884,-0.3994751,-0.16868591
3,88,-0.21884155,-0.39091492,-0.14183044
3,99,-0.1882782,-0.3347168,-0.08929443
3,110,-0.14430237,-0.2687378,-0.033081055
3,117,-0.10520935,-0.21864319,0.007232666
3,126,-0.07344055,-0.18199158,0.016998291
3,135,-0.051452637,-0.14901733,0.01335144
3,145,-0.027023315,-0.10748291,0.001113892
3,156,0.005966187,-0.068374634,-0.009872437
,,,,
3,4,0.2429657,0.7440491,0.06951904
3,13,0.2136383,0.69395447,0.24179077
3,21,0.18675232,0.533905,0.23323059
3,31,0.1940918,0.38485718,0.08174133
3,40,0.12690735,0.20159912,-0.020858765
3,49,-0.003799439,0.014678955,-0.05506897
3,59,-0.09788513,-0.13679504,-0.07829285
3,69,-0.12475586,-0.22720337,-0.105163574
3,79,-0.11253357,-0.2552948,-0.10638428
3,88,-0.08444214,-0.2394104,-0.085617065
3,101,-0.051452637,-0.21743774,-0.05873108
3,107,-0.030685425,-0.21255493,-0.033081055
3,117,-0.022125244,-0.23208618,-0.015975952
3,125,-0.025802612,-0.2662964,-0.017196655
3,135,-0.031906128,-0.289505,-0.025756836
3,144,-0.038009644,-0.289505,-0.024536133
3,154,-0.030685425,-0.24797058,-0.022094727
3,164,-0.003799439,-0.16490173,-0.024536133
3,176,0.026733398,-0.089157104,-0.017196655
,,,,
3,5,0.22828674,0.72328186,0.25035095
3,15,0.19654846,0.5424652,0.21614075
3,23,0.23440552,0.3958435,0.02067566
3,33,0.1635437,0.17715454,-0.09661865
3,42,-0.009918213,-0.05128479,-0.10882568
3,52,-0.1589508,-0.24552917,-0.1161499
3,63,-0.22492981,-0.3725891,-0.14059448
3,72,-0.23226929,-0.42390442,-0.13571167
3,81,-0.20904541,-0.40924072,-0.10638428
3,91,-0.17730713,-0.3542633,-0.06729126
3,102,-0.14309692,-0.2821808,-0.017196655
3,111,-0.111328125,-0.21499634,0.02067566
3,123,-0.08200073,-0.16001892,0.039001465
3,129,-0.058792114,-0.12458801,0.052444458
3,140,-0.035568237,-0.09770203,0.046325684
,,,,
3,5,0.21852112,0.56689453,0.27355957
3,14,0.15744019,0.40563965,0.21490479
3,24,0.13911438,0.24681091,0.03288269
3,35,0.025512695,0.054992676,-0.053848267
3,44,-0.12721252,-0.113586426,-0.053848267
3,53,-0.20172119,-0.23332214,-0.06729126
3,62,-0.19439697,-0.29562378,-0.092941284
3,72,-0.15774536,-0.29930115,-0.09049988
3,81,-0.11741638,-0.26020813,-0.07095337
3,91,-0.08566284,-0.21011353,-0.045303345
3,102,-0.06611633,-0.17346191,-0.015975952
3,110,-0.05267334,-0.15757751,0.007232666
3,118,-0.04534912,-0.16246033,0.016998291
3,127,-0.03678894,-0.16978455,0.01335144
3,137,-0.025802612,-0.16856384,0.003570557
3,146,-0.002593994,-0.13679504,-0.009872437
3,156,0.024291992,-0.0879364,-0.014755249
,,,,
3,4,0.3113861,0.62553406,0.17581177
3,8,0.1928711,0.40808105,0.274765
3,18,0.18066406,0.25291443,0.10984802
3,27,0.13667297,0.086761475,-0.056289673
3,35,-0.019683838,-0.09037781,-0.07949829
3,44,-0.16386414,-0.223526,-0.062408447
3,54,-0.20904541,-0.2980652,-0.07585144
3,63,-0.19195557,-0.3176117,-0.081954956
3,73,-0.16142273,-0.27853394,-0.05996704
3,84,-0.13453674,-0.20643616,-0.033081055
3,93,-0.11376953,-0.13435364,-0.001327515
3,103,-0.09788513,-0.09892273,0.025558472
3,114,-0.08444214,-0.09037781,0.035324097
3,123,-0.070999146,-0.09770203,0.024337769
3,131,-0.057556152,-0.0879364,0.014556885
3,141,-0.042907715,-0.061050415,0.009674072
,,,,
3,5,0.32847595,0.56689453,0.15870667
3,17,0.24172974,0.39707947,0.23200989
3,27,0.22340393,0.26879883,0.090286255
3,35,0.16477966,0.111190796,-0.04774475
3,45,0.016967773,-0.05860901,-0.073410034
3,52,-0.12109375,-0.19911194,-0.06607056
3,62,-0.1882782,-0.2846222,-0.081954956
3,71,-0.20295715,-0.30662537,-0.08317566
3,80,-0.1882782,-0.27485657,-0.057525635
3,91,-0.1565094,-0.21376038,-0.029418945
3,101,-0.12965393,-0.16366577,-0.00743103
3,110,-0.10888672,-0.13069153,0.009674072
3,120,-0.09176636,-0.11480713,0.010894775
3,129,-0.08200073,-0.09403992,0.001113892
3,138,-0.06855774,-0.06349182,-0.009872437
3,148,-0.04534912,-0.03416443,-0.01965332
,,,,
3,3,0.24417114,0.62797546,0.04876709
3,10,0.17576599,0.5632324,0.23446655
3,24,0.15133667,0.45326233,0.22102356
3,30,0.17088318,0.31765747,0.07319641
3,40,0.10368347,0.13441467,-0.014755249
3,46,-0.0209198,-0.056167603,-0.04286194
3,56,-0.10765076,-0.2210846,-0.081954956
3,65,-0.14553833,-0.32006836,-0.110061646
3,75,-0.14797974,-0.3518219,-0.0978241
3,89,-0.12597656,-0.3310547,-0.06607056
3,95,-0.09300232,-0.2846222,-0.033081055
3,105,-0.062454224,-0.23820496,-0.002532959
3,114,-0.035568237,-0.19178772,0.016998291
3,125,-0.009918213,-0.15267944,0.023117065
3,135,0.005966187,-0.13435364,0.024337769
3,143,0.016967773,-0.11236572,0.016998291
,,,,
3,4,0.22340393,0.7244873,0.15016174
3,14,0.117126465,0.5278015,0.27355957
3,22,0.11590576,0.37631226,0.13671875
3,31,0.09269714,0.1942749,-0.029418945
3,40,-0.039245605,-0.015853882,-0.073410034
3,50,-0.1748352,-0.19055176,-0.07949829
3,61,-0.22616577,-0.30662537,-0.09906006
3,70,-0.21150208,-0.35792542,-0.10394287
3,79,-0.1723938,-0.3469391,-0.08317566
3,89,-0.12721252,-0.29562378,-0.05873108
3,98,-0.08444214,-0.2394104,-0.033081055
3,108,-0.04534912,-0.20155334,-0.009872437
3,118,-0.012359619,-0.17834473,-0.001327515
3,127,0.01940918,-0.16734314,-0.004989624
3,136,0.04748535,-0.13923645,-0.017196655
3,146,0.073135376,-0.09403992,-0.030639648
3,157,0.09635925,-0.0549469,-0.037963867
,,,,
3,6,0.26005554,0.66830444,0.21734619
3,16,0.16966248,0.5009155,0.29553223
3,26,0.1953125,0.3799591,0.12573242
3,36,0.17454529,0.20404053,-0.033081055
3,44,0.034057617,0.002471924,-0.07217407
3,54,-0.11741638,-0.16612244,-0.07095337
3,63,-0.19683838,-0.27973938,-0.09173584
3,73,-0.21640015,-0.32250977,-0.094177246
3,82,-0.19927979,-0.29684448,-0.073410034
3,91,-0.16262817,-0.236969,-0.05140686
3,102,-0.11985779,-0.17710876,-0.025756836
3,111,-0.079559326,-0.14289856,-0.006210327
3,122,-0.050231934,-0.13191223,-0.003768921
3,130,-0.029464722,-0.13679504,-0.013534546
3,139,-0.018478394,-0.12947083,-0.022094727
3,149,-0.003799439,-0.101364136,-0.024536133
3,160,0.015731812,-0.059829712,-0.024536133
,,,,
3,75,0.08291626,0.5143585,0.315094
3,80,0.073135376,0.28834534,0.114730835
3,84,0.00718689,0.034225464,-0.050186157
3,87,-0.13574219,-0.18443298,-0.085617065
3,90,-0.22616577,-0.32250977,-0.08805847
3,93,-0.21395874,-0.3835907,-0.10882568
3,97,-0.15286255,-0.37991333,-0.11494446
3,101,-0.08932495,-0.32983398,-0.09906006
3,104,-0.029464722,-0.25653076,-0.081954956
3,106,0.021850586,-0.19911194,-0.05873108
3,108,0.052368164,-0.17834473,-0.037963867
3,115,0.06336975,-0.17710876,-0.030639648
3,122,0.06581116,-0.16734314,-0.026977539
3,130,0.06336975,-0.14045715,-0.025756836
,,,,
3,3,0.37490845,0.74282837,-0.017196655
3,8,0.27838135,0.69151306,0.22590637
3,16,0.14767456,0.4923706,0.2967682
3,24,0.13545227,0.32865906,0.09762573
3,33,0.06581116,0.0953064,-0.061187744
3,43,-0.111328125,-0.11968994,-0.07949829
3,54,-0.2505951,-0.26753235,-0.069732666
3,62,-0.2823639,-0.3481598,-0.08929443
3,71,-0.2518158,-0.3628235,-0.0978241
3,82,-0.21028137,-0.3176117,-0.08439636
3,91,-0.16751099,-0.23332214,-0.062408447
3,101,-0.12721252,-0.15512085,-0.030639648
3,113,-0.090545654,-0.11236572,-0.009872437
3,122,-0.04901123,-0.101364136,-0.009872437
3,130,-0.013580322,-0.11114502,-0.02331543
3,140,0.012084961,-0.113586426,-0.029418945
3,149,0.03161621,-0.10014343,-0.024536133
3,159,0.048721313,-0.072052,-0.03186035
,,,,
3,3,0.20019531,0.67074585,0.19169617
3,13,0.10978699,0.4752655,0.26867676
3,23,0.10858154,0.31889343,0.11717224
3,34,0.060928345,0.0965271,-0.034301758
3,41,-0.083221436,-0.12213135,-0.073410034
3,49,-0.19807434,-0.28097534,-0.073410034
3,58,-0.22128296,-0.3713684,-0.09173584
3,68,-0.18583679,-0.4043579,-0.1002655
3,78,-0.13697815,-0.3835907,-0.08683777
3,89,-0.08200073,-0.32617188,-0.07095337
3,101,-0.030685425,-0.25408936,-0.050186157
3,109,0.008407593,-0.18322754,-0.02331543
3,118,0.034057617,-0.11602783,-0.008651733
3,130,0.053604126,-0.062286377,-0.003768921
,,,,
3,5,0.15499878,0.5950012,0.301651
3,15,0.10858154,0.38485718,0.21734619
3,23,0.11468506,0.19792175,-0.001327515
3,34,0.001083374,-0.020751953,-0.092941284
3,43,-0.154068,-0.19422913,-0.07949829
3,54,-0.2224884,-0.302948,-0.07829285
3,64,-0.2041626,-0.3395996,-0.09049988
3,73,-0.16262817,-0.316391,-0.081954956
3,83,-0.118652344,-0.26385498,-0.062408447
3,92,-0.08078003,-0.2052002,-0.036743164
3,103,-0.05267334,-0.16366577,-0.01109314
3,113,-0.038009644,-0.15023804,0.002349854
3,124,-0.030685425,-0.14901733,0.008453369
3,130,-0.025802612,-0.13069153,0.01335144
3,140,-0.014801025,-0.10748291,0.01335144
,,,,
3,3,0.2612915,0.7807007,0.14282227
3,13,0.15133667,0.48747253,0.26255798
3,22,0.13301086,0.25535583,0.084198
3,31,0.08413696,0.025680542,-0.10638428
3,41,-0.08078003,-0.17955017,-0.13082886
3,50,-0.22128296,-0.31394958,-0.08317566
3,59,-0.24815369,-0.3872528,-0.069732666
3,69,-0.20051575,-0.40068054,-0.06607056
3,80,-0.14309692,-0.36160278,-0.050186157
3,90,-0.08810425,-0.289505,-0.029418945
3,98,-0.04168701,-0.20887756,-0.00743103
3,109,-0.007476807,-0.15267944,0.015792847
3,118,0.014526367,-0.117248535,0.019439697
3,128,0.03161621,-0.085494995,0.009674072
3,137,0.037734985,-0.06472778,0.009674072
,,,,
3,3,0.2270813,0.5901184,0.1855774
3,14,0.14277649,0.36042786,0.21734619
3,23,0.120788574,0.1441803,0.03288269
3,31,0.030410767,-0.08425903,-0.101501465
3,39,-0.13697815,-0.2577362,-0.09661865
3,48,-0.23348999,-0.3530426,-0.061187744
3,58,-0.21760559,-0.3713684,-0.061187744
3,69,-0.15286255,-0.3347168,-0.05506897
3,78,-0.086883545,-0.2528534,-0.033081055
3,88,-0.030685425,-0.15023804,-0.006210327
3,98,0.009628296,-0.0549469,0.019439697
3,108,0.029174805,-0.002426148,0.030441284
3,118,0.02796936,0.007354736,0.031677246
,,,,
3,5,0.1611023,0.64141846,0.2539978
3,18,0.073135376,0.3775177,0.2039032
3,25,0.032852173,0.1270752,-0.018417358
3,34,-0.09788513,-0.14535522,-0.13327026
3,42,-0.25793457,-0.3481598,-0.12471008
3,51,-0.30801392,-0.46177673,-0.113708496
3,62,-0.26037598,-0.4862213,-0.113708496
3,72,-0.18463135,-0.4288025,-0.092941284
3,82,-0.102767944,-0.3005066,-0.056289673
3,91,-0.022125244,-0.13069153,-0.013534546
3,101,0.045043945,-0.004882813,0.029220581
,,,,
3,6,0.09635925,0.42396545,0.31021118
3,16,0.11224365,0.21992493,0.04876709
3,25,0.036499023,-0.031723022,-0.14671326
3,35,-0.154068,-0.22843933,-0.1479187
3,44,-0.2677002,-0.3383789,-0.101501465
3,53,-0.2518158,-0.37991333,-0.10882568
3,63,-0.1907196,-0.3701477,-0.105163574
3,73,-0.13941956,-0.3151703,-0.077056885
3,81,-0.09420776,-0.23820496,-0.046524048
3,91,-0.05633545,-0.17466736,-0.020858765
3,101,-0.031906128,-0.14657593,-0.001327515
3,110,-0.018478394,-0.13069153,0.006011963
3,122,-0.009918213,-0.10626221,0.019439697
3,130,-0.002593994,-0.07937622,0.016998291
,,,,
3,5,0.25152588,0.60720825,0.20758057
3,18,0.15377808,0.36775208,0.23446655
3,25,0.13667297,0.1783905,0.018234253
3,36,0.041381836,-0.032958984,-0.13327026
3,43,-0.13697815,-0.21011353,-0.12594604
3,51,-0.2518158,-0.32250977,-0.09538269
3,60,-0.26281738,-0.37747192,-0.09661865
3,71,-0.22128296,-0.3787079,-0.08929443
3,80,-0.1723938,-0.3237152,-0.069732666
3,91,-0.12475586,-0.2210846,-0.045303345
3,100,-0.08566284,-0.10870361,-0.002532959
3,110,-0.050231934,-0.02684021,0.039001465
3,126,-0.012359619,0.02444458,0.042648315
3,132,0.026733398,0.037887573,0.018234253
,,,,
3,6,0.13911438,0.4386139,0.24667358
3,15,0.117126465,0.30789185,0.14282227
3,26,0.117126465,0.16494751,-0.03552246
3,35,0.00352478,-0.002426148,-0.0978241
3,43,-0.15042114,-0.14169312,-0.06729126
3,53,-0.22982788,-0.24432373,-0.05873108
3,62,-0.22616577,-0.29440308,-0.07095337
3,71,-0.18707275,-0.28097534,-0.06484985
3,81,-0.14309692,-0.223526,-0.04774475
3,90,-0.099090576,-0.14169312,-0.01965332
3,100,-0.067337036,-0.069610596,0.021881104
3,111,-0.04901123,-0.02684021,0.059768677
3,120,-0.03678894,-0.006088257,0.059768677
3,134,-0.02458191,-0.015853882,0.04020691
,,,,
3,3,0.18310547,0.44473267,0.1855774
3,14,0.11102295,0.26757812,0.18437195
3,21,0.11102295,0.09286499,-0.006210327
3,29,0.03894043,-0.089157104,-0.12350464
3,41,-0.08566284,-0.22720337,-0.1161499
3,47,-0.1589508,-0.31272888,-0.092941284
3,57,-0.15162659,-0.3383789,-0.09538269
3,68,-0.10765076,-0.3151703,-0.085617065
3,79,-0.06611633,-0.2552948,-0.05996704
3,87,-0.028244019,-0.16001892,-0.037963867
3,100,-0.0050354,-0.06593323,-0.002532959
3,111,0.001083374,-0.002426148,0.039001465
3,116,-0.006240845,0.03300476,0.059768677
,,,,
3,3,0.20019531,0.36042786,0.11961365
3,15,0.120788574,0.18327332,0.14404297
3,22,0.08169556,0.026885986,0.009674072
3,31,-0.001358032,-0.13923645,-0.09661865
3,40,-0.11985779,-0.2552948,-0.09173584
3,49,-0.18095398,-0.29930115,-0.05873108
3,60,-0.1565094,-0.27729797,-0.050186157
3,70,-0.095443726,-0.21011353,-0.03552246
3,80,-0.031906128,-0.11602783,-0.014755249
3,89,0.005966187,-0.03416443,0.008453369
3,99,0.014526367,0.025680542,0.039001465
,,,,
3,3,0.25761414,0.4960327,0.102508545
3,11,0.1611023,0.32621765,0.18803406
3,21,0.11834717,0.18327332,0.06951904
3,31,0.053604126,0.017120361,-0.06851196
3,40,-0.08200073,-0.13923645,-0.094177246
3,49,-0.20295715,-0.2528534,-0.07095337
3,59,-0.24081421,-0.30418396,-0.06362915
3,69,-0.21150208,-0.2919464,-0.053848267
3,77,-0.16506958,-0.2210846,-0.03186035
3,87,-0.11621094,-0.12580872,-0.014755249
3,97,-0.06855774,-0.045166016,0.007232666
3,110,-0.0209198,0.017120361,0.021881104
,,,,
3,4,0.2136383,0.5143585,0.08540344
3,14,0.09025574,0.27368164,0.19535828
3,25,0.013290405,0.044006348,0.06097412
3,34,-0.07588196,-0.18688965,-0.12715149
3,42,-0.22982788,-0.3334961,-0.15892029
3,54,-0.33122253,-0.3725891,-0.09661865
3,62,-0.299469,-0.30906677,-0.05140686
3,71,-0.17851257,-0.17466736,-0.020858765
3,81,-0.060012817,-0.056167603,0.018234253
3,91,0.009628296,0.04032898,0.04876709
,,,,
3,3,0.15499878,0.547348,0.20025635
3,11,0.05848694,0.33232117,0.2515564
3,24,0.02305603,0.14050293,0.07684326
3,30,-0.06489563,-0.072052,-0.08439636
3,40,-0.20539856,-0.22964478,-0.10638428
3,49,-0.272583,-0.3188324,-0.085617065
3,59,-0.24205017,-0.3506012,-0.08683777
3,68,-0.1748352,-0.3188324,-0.081954956
3,78,-0.10398865,-0.23820496,-0.06362915
3,87,-0.04534912,-0.15145874,-0.050186157
3,97,-0.00869751,-0.089157104,-0.030639648
3,107,0.010848999,-0.0549469,0.001113892
3,118,0.020614624,-0.030517578,0.007232666
3,127,0.036499023,-0.015853882,-0.009872437
,,,,
3,3,0.16966248,0.5204773,0.14404297
3,8,0.069488525,0.31643677,0.22590637
3,14,0.057250977,0.1783905,0.06587219
3,25,0.016967773,0.006118774,-0.09538269
3,33,-0.10643005,-0.15023804,-0.11982727
3,44,-0.206604,-0.24552917,-0.08073425
3,54,-0.21150208,-0.28097534,-0.07095337
3,64,-0.16262817,-0.26264954,-0.062408447
3,73,-0.10888672,-0.20031738,-0.03552246
3,83,-0.062454224,-0.120910645,-0.012313843
3,93,-0.028244019,-0.05128479,0.01335144
3,102,-0.0050354,-0.008529663,0.042648315
3,112,0.005966187,-0.004882813,0.04876709
,,,,
3,3,0.14155579,0.38607788,0.19779968
3,13,0.05480957,0.18571472,0.15992737
3,22,0.005966187,-0.013412476,-0.034301758
3,29,-0.10398865,-0.19911194,-0.14059448
3,40,-0.22616577,-0.30662537,-0.11859131
3,49,-0.24937439,-0.34083557,-0.08683777
3,58,-0.18707275,-0.30662537,-0.07829285
3,68,-0.10765076,-0.21620178,-0.053848267
3,78,-0.051452637,-0.09892273,-0.020858765
3,88,-0.016021729,0.008560181,0.019439697
,,,,
3,10,0.117126465,0.4227295,0.19291687
3,20,0.032852173,0.21624756,0.16726685
3,29,-0.00869751,0.028121948,-0.017196655
3,36,-0.118652344,-0.14289856,-0.10638428
3,46,-0.23716736,-0.23576355,-0.073410034
3,55,-0.25549316,-0.2687378,-0.045303345
3,65,-0.18339539,-0.26020813,-0.04408264
3,77,-0.10398865,-0.2210846,-0.030639648
3,85,-0.04168701,-0.16122437,-0.014755249
3,95,-0.0050354,-0.101364136,-0.008651733
3,104,0.020614624,-0.056167603,0.002349854
3,116,0.03894043,-0.029281616,0.012115479
3,124,0.057250977,-0.024398804,0.001113892
,,,,
3,2,0.20387268,0.63653564,0.09152222
3,8,0.10246277,0.39952087,0.22467041
3,19,0.03529358,0.16494751,0.10372925
3,27,-0.04168701,-0.080596924,-0.11494446
3,34,-0.21760559,-0.2736206,-0.1796875
3,44,-0.37031555,-0.3640442,-0.121032715
3,54,-0.3825531,-0.3738098,-0.077056885
3,63,-0.2823639,-0.30174255,-0.052627563
3,74,-0.16386414,-0.19543457,-0.014755249
3,84,-0.074661255,-0.06349182,0.027999878
3,94,-0.009918213,0.04032898,0.059768677
,,,,
3,7,0.08657837,0.35064697,0.2906494
3,17,0.04748535,0.15638733,0.074401855
3,29,-0.046569824,-0.061050415,-0.10638428
3,36,-0.20904541,-0.22476196,-0.110061646
3,45,-0.29457092,-0.31272888,-0.069732666
3,54,-0.2677002,-0.3383789,-0.07217407
3,64,-0.19563293,-0.30418396,-0.07585144
3,74,-0.12721252,-0.22476196,-0.057525635
3,83,-0.070999146,-0.12458801,-0.036743164
3,93,-0.03312683,-0.048843384,-0.00743103
3,103,-0.022125244,-0.010971069,0.034118652
3,112,-0.018478394,0.003677368,0.035324097
3,124,-0.007476807,0.002471924,0.010894775
3,132,0.00352478,-0.010971069,-0.006210327
,,,,
3,4,0.15133667,0.45817566,0.13183594
3,12,0.062149048,0.24557495,0.16481018
3,25,0.014526367,0.058654785,0.014556885
3,33,-0.07344055,-0.13313293,-0.11126709
3,42,-0.20539856,-0.27241516,-0.11250305
3,52,-0.2701416,-0.32983398,-0.07095337
3,61,-0.2383728,-0.30662537,-0.04774475
3,71,-0.16018677,-0.21376038,-0.017196655
3,80,-0.08078003,-0.089157104,0.021881104
3,90,-0.0209198,0.025680542,0.051208496
,,,,
3,4,0.2270813,0.4777069,0.018234253
3,15,0.14645386,0.32743835,0.14038086
3,25,0.059692383,0.1466217,0.10984802
3,30,-0.001358032,-0.009765625,-0.026977539
3,40,-0.10888672,-0.15757751,-0.092941284
3,49,-0.21884155,-0.24064636,-0.062408447
3,59,-0.2505951,-0.2577362,-0.020858765
3,68,-0.20539856,-0.20887756,0.001113892
3,79,-0.12965393,-0.11968994,0.023117065
3,89,-0.06367493,-0.02319336,0.04144287
3,102,-0.02458191,0.047668457,0.058532715
,,,,
3,3,0.20387268,0.5620117,0.023117065
3,9,0.12934875,0.36042786,0.16114807
3,16,0.06581116,0.14294434,0.08540344
3,25,-0.0050354,-0.061050415,-0.085617065
3,34,-0.15774536,-0.22476196,-0.12715149
3,43,-0.2909088,-0.30174255,-0.06607056
3,54,-0.3019104,-0.3053894,-0.029418945
3,85,-0.21640015,-0.24432373,-0.014755249
3,91,-0.10888672,-0.14657593,0.01335144
3,95,-0.018478394,-0.036605835,0.025558472
3,101,0.036499023,0.03666687,0.027999878
3,108,0.056045532,0.05621338,0.034118652
,,,,
3,4,0.15133667,0.4068451,0.10372925
3,9,0.09513855,0.24801636,0.11349487
3,20,0.05848694,0.08920288,-0.024536133
3,31,-0.04168701,-0.06593323,-0.11126709
3,36,-0.16506958,-0.17834473,-0.08805847
3,46,-0.21272278,-0.24308777,-0.056289673
3,56,-0.17730713,-0.25897217,-0.052627563
3,65,-0.12109375,-0.23088074,-0.04286194
3,75,-0.074661255,-0.15878296,-0.02331543
3,86,-0.04168701,-0.06472778,-0.004989624
3,95,-0.0209198,0.002471924,0.018234253
3,106,-0.006240845,0.031784058,0.03656006
,,,,
3,6,0.17576599,0.533905,0.18803406
3,14,0.07437134,0.28590393,0.22711182
3,26,0.03894043,0.05987549,0.023117065
3,31,-0.06367493,-0.17955017,-0.13935852
3,41,-0.22372437,-0.3359375,-0.13327026
3,49,-0.2909088,-0.4043579,-0.08805847
3,60,-0.23716736,-0.39091492,-0.07829285
3,69,-0.13209534,-0.30418396,-0.05996704
3,79,-0.031906128,-0.16856384,-0.028198242
3,88,0.04017639,-0.037841797,0.001113892
3,99,0.07557678,0.034225464,0.034118652
3,111,0.08291626,0.04156494,0.034118652
,,,,
3,4,0.11468506,0.48503113,0.27600098
3,12,0.049926758,0.25901794,0.1855774
3,26,0.015731812,0.029327393,-0.04774475
3,31,-0.12231445,-0.18566895,-0.1454773
3,41,-0.2664795,-0.31150818,-0.10272217
3,50,-0.2970276,-0.3725891,-0.073410034
3,61,-0.23348999,-0.3664856,-0.069732666
3,80,-0.15042114,-0.31028748,-0.053848267
3,82,-0.08078003,-0.21255493,-0.03552246
3,86,-0.023361206,-0.105026245,-0.015975952
3,96,0.021850586,-0.030517578,0.012115479
3,107,0.05116272,-0.008529663,0.03288269
,,,,
3,7,0.20263672,0.62553406,0.10006714
3,19,0.09513855,0.4202881,0.24423218
3,27,0.04017639,0.21992493,0.14526367
3,37,-0.006240845,0.00491333,-0.046524048
3,45,-0.12841797,-0.17955017,-0.12226868
3,55,-0.23716736,-0.302948,-0.10394287
3,65,-0.24325562,-0.34571838,-0.0978241
3,75,-0.1748352,-0.3078308,-0.09661865
3,84,-0.095443726,-0.21499634,-0.07095337
3,94,-0.035568237,-0.10992432,-0.03919983
3,104,-0.00869751,-0.028076172,0.01335144
3,115,0.001083374,0.026885986,0.039001465
,,,,
3,5,0.12200928,0.44229126,0.30041504
3,14,0.09880066,0.26390076,0.15016174
3,24,0.052368164,0.062332153,-0.06362915
3,34,-0.11009216,-0.120910645,-0.11494446
3,43,-0.24325562,-0.2394104,-0.069732666
3,52,-0.2518158,-0.29318237,-0.06362915
3,62,-0.1882782,-0.2846222,-0.07461548
3,71,-0.12475586,-0.23820496,-0.05873108
3,81,-0.078323364,-0.17710876,-0.037963867
3,91,-0.044128418,-0.11846924,-0.022094727
3,101,-0.027023315,-0.08670044,-0.001327515
3,110,-0.02458191,-0.073272705,0.026779175
3,121,-0.025802612,-0.062286377,0.04876709
3,132,-0.011138916,-0.057388306,0.039001465
,,,,
3,4,0.28329468,0.7464905,0.18925476
3,13,0.13789368,0.48503113,0.3309784
3,23,0.09390259,0.28712463,0.13916016
3,33,0.014526367,0.04032898,-0.08683777
3,42,-0.17974854,-0.18322754,-0.12226868
3,52,-0.3202362,-0.32250977,-0.07829285
3,62,-0.3226776,-0.4019165,-0.09049988
3,71,-0.2542572,-0.41656494,-0.11250305
3,81,-0.17851257,-0.37503052,-0.10394287
3,90,-0.102767944,-0.29684448,-0.092941284
3,100,-0.035568237,-0.20275879,-0.07217407
3,109,0.021850586,-0.12580872,-0.03186035
3,119,0.062149048,-0.06593323,0.003570557
,,,,
3,3,0.15621948,0.4752655,0.24055481
3,15,0.07437134,0.27612305,0.20758057
3,21,0.042617798,0.044006348,-0.01965332
3,31,-0.078323364,-0.19787598,-0.15159607
3,40,-0.23104858,-0.3518219,-0.13571167
3,49,-0.2835846,-0.4361267,-0.105163574
3,61,-0.22737122,-0.4312439,-0.10272217
3,70,-0.13085938,-0.3310547,-0.08073425
3,79,-0.042907715,-0.18811035,-0.037963867
3,90,-0.0050354,-0.059829712,0.025558472
3,99,0.00352478,0.050109863,0.06707764
,,,,
3,5,0.21975708,0.5620117,0.2515564
3,14,0.10002136,0.31399536,0.24055481
3,24,0.08047485,0.086761475,-0.022094727
3,34,-0.035568237,-0.19178772,-0.19436646
3,45,-0.22372437,-0.37991333,-0.17236328
3,53,-0.30923462,-0.47154236,-0.11982727
3,62,-0.2664795,-0.47154236,-0.110061646
3,73,-0.17362976,-0.3884735,-0.08439636
3,82,-0.08810425,-0.24552917,-0.034301758
3,92,-0.019683838,-0.076934814,0.019439697
3,102,0.021850586,0.044006348,0.062210083
,,,,
3,6,0.2796173,0.6292114,0.14649963
3,18,0.1452179,0.4410553,0.30041504
3,24,0.11956787,0.30545044,0.14649963
3,36,0.08047485,0.08432007,-0.07829285
3,43,-0.08078003,-0.13069153,-0.14183044
3,53,-0.23472595,-0.27973938,-0.110061646
3,64,-0.2823639,-0.35792542,-0.110061646
3,74,-0.25793457,-0.3518219,-0.110061646
3,83,-0.206604,-0.29318237,-0.07461548
3,93,-0.14918518,-0.19543457,-0.03552246
3,103,-0.09664917,-0.085494995,0.025558472
3,114,-0.058792114,-0.014648438,0.08174133
3,124,-0.019683838,0.014678955,0.07928467
,,,,
3,6,0.23808289,0.65730286,0.17581177
3,16,0.11834717,0.39707947,0.27720642
3,27,0.09025574,0.19548035,0.10496521
3,34,0.036499023,-0.028076172,-0.092941284
3,43,-0.10888672,-0.22720337,-0.14059448
3,52,-0.2224884,-0.355484,-0.10762024
3,62,-0.22860718,-0.42144775,-0.092941284
3,73,-0.16386414,-0.4019165,-0.081954956
3,82,-0.08810425,-0.3188324,-0.057525635
3,92,-0.027023315,-0.19911194,-0.01965332
3,102,0.008407593,-0.0879364,0.04020691
3,112,0.03529358,-0.009765625,0.06463623
,,,,
3,2,0.3113861,0.7990265,0.019439697
3,13,0.20751953,0.63165283,0.25888062
3,19,0.07192993,0.37875366,0.28944397
3,28,0.041381836,0.18203735,0.04876709
3,38,-0.055114746,-0.053726196,-0.12350464
3,47,-0.22372437,-0.23576355,-0.11494446
3,58,-0.30801392,-0.34083557,-0.073410034
3,68,-0.27626038,-0.368927,-0.07949829
3,77,-0.2041626,-0.34327698,-0.07461548
3,87,-0.13697815,-0.27729797,-0.056289673
3,97,-0.07711792,-0.17590332,-0.040420532
3,106,-0.028244019,-0.07815552,-0.009872437
3,117,0.010848999,-0.014648438,0.019439697
3,126,0.04017639,0.009796143,0.029220581
,,,,
3,3,0.25152588,0.6450958,0.027999878
3,13,0.12690735,0.46305847,0.22102356
3,21,0.056045532,0.27734375,0.16970825
3,30,0.021850586,0.0635376,-0.045303345
3,40,-0.10398865,-0.14901733,-0.1479187
3,50,-0.24815369,-0.2870636,-0.12226868
3,59,-0.2970276,-0.36038208,-0.092941284
3,69,-0.2542572,-0.3640442,-0.08073425
3,78,-0.18095398,-0.3151703,-0.052627563
3,88,-0.11253357,-0.21864319,-0.020858765
3,99,-0.062454224,-0.101364136,0.024337769
3,108,-0.030685425,-0.013412476,0.06463623
3,119,0.002288818,0.029327393,0.06097412
,,,,
3,7,0.113464355,0.4618225,0.24911499
3,14,0.06825256,0.30178833,0.2063446
3,24,0.05848694,0.13197327,0.027999878
3,33,-0.023361206,-0.037841797,-0.069732666
3,44,-0.12965393,-0.15878296,-0.062408447
3,54,-0.17118835,-0.2394104,-0.05506897
3,63,-0.14309692,-0.26753235,-0.07095337
3,73,-0.08932495,-0.26020813,-0.069732666
3,82,-0.04168701,-0.22720337,-0.057525635
3,92,-0.002593994,-0.18688965,-0.045303345
3,101,0.024291992,-0.16122437,-0.03186035
3,112,0.04017639,-0.14535522,-0.018417358
3,120,0.0438385,-0.11968994,-0.008651733
3,131,0.046279907,-0.092819214,-0.004989624
,,,,
3,39,0.2136383,0.4544983,0.15626526
3,45,0.15866089,0.31277466,0.15382385
3,48,0.13911438,0.15638733,-0.008651733
3,52,0.029174805,-0.021957397,-0.10394287
3,54,-0.13574219,-0.15512085,-0.07949829
3,58,-0.22616577,-0.24188232,-0.052627563
3,63,-0.22737122,-0.26997375,-0.057525635
3,71,-0.18951416,-0.25653076,-0.050186157
3,80,-0.14918518,-0.21864319,-0.034301758
3,90,-0.111328125,-0.15757751,-0.022094727
3,100,-0.079559326,-0.10626221,-0.009872437
3,110,-0.05267334,-0.06472778,0.009674072
3,120,-0.030685425,-0.024398804,0.029220581
3,130,-0.009918213,-0.006088257,0.034118652
,,,,
3,6,0.12322998,0.4960327,0.26132202
3,17,0.08047485,0.32255554,0.12449646
3,26,0.02796936,0.10752869,-0.06851196
3,36,-0.11741638,-0.089157104,-0.117385864
3,45,-0.2383728,-0.22476196,-0.08805847
3,54,-0.24325562,-0.29684448,-0.094177246
3,64,-0.17607117,-0.3078308,-0.10882568
3,73,-0.111328125,-0.27241516,-0.0978241
3,83,-0.060012817,-0.22599792,-0.07461548
3,92,-0.025802612,-0.19299316,-0.05506897
3,106,-0.003799439,-0.18443298,-0.03552246
3,112,0.00352478,-0.19299316,-0.018417358
3,122,-0.001358032,-0.19667053,-0.004989624
3,131,0.004745483,-0.16612244,0.009674072
3,141,0.02305603,-0.1038208,0.012115479
3,152,0.053604126,-0.0390625,0.007232666
,,,,
3,5,0.2124176,0.5815582,0.058532715
3,9,0.11956787,0.43249512,0.2197876
3,17,0.06704712,0.28590393,0.15992737
3,28,0.03894043,0.10386658,-0.028198242
3,38,-0.06977844,-0.069610596,-0.11494446
3,47,-0.19316101,-0.18443298,-0.09049988
3,59,-0.22492981,-0.2552948,-0.07829285
3,64,-0.17851257,-0.27853394,-0.081954956
3,74,-0.11621094,-0.26020813,-0.06729126
3,83,-0.062454224,-0.20399475,-0.046524048
3,92,-0.023361206,-0.14169312,-0.025756836
3,102,-0.002593994,-0.09892273,-0.001327515
3,111,0.00352478,-0.06716919,0.026779175
3,120,0.00352478,-0.047607422,0.042648315
,,,,
3,2,0.2111969,0.4728241,0.22346497
3,11,0.12934875,0.25535583,0.13427734
3,18,0.062149048,0.017120361,-0.06362915
3,28,-0.099090576,-0.20643616,-0.13815308
3,38,-0.2542572,-0.3322754,-0.0978241
3,47,-0.2884674,-0.3835907,-0.073410034
3,57,-0.22982788,-0.3701477,-0.06607056
3,67,-0.14309692,-0.316391,-0.04408264
3,77,-0.06489563,-0.23208618,-0.022094727
3,87,-0.006240845,-0.15390015,-0.01109314
3,97,0.020614624,-0.10870361,-0.002532959
3,107,0.026733398,-0.080596924,0.007232666
3,118,0.024291992,-0.052490234,0.019439697
3,127,0.020614624,-0.04272461,0.018234253
,,,,
3,5,0.20019531,0.45082092,0.20146179
3,19,0.13911438,0.31033325,0.16236877
3,24,0.10368347,0.1282959,-0.012313843
3,34,-0.022125244,-0.069610596,-0.101501465
3,43,-0.17851257,-0.21743774,-0.081954956
3,52,-0.2518158,-0.30174255,-0.07217407
3,62,-0.23472595,-0.32617188,-0.08073425
3,71,-0.17607117,-0.29930115,-0.06851196
3,80,-0.11621094,-0.23452759,-0.052627563
3,90,-0.06489563,-0.15634155,-0.036743164
3,100,-0.027023315,-0.09403992,-0.015975952
3,109,-0.002593994,-0.06349182,0.001113892
3,121,0.009628296,-0.036605835,0.01335144
3,128,0.009628296,-0.009765625,0.015792847
3,138,0.015731812,0.002471924,0.007232666
,,,,
3,4,0.1769867,0.39463806,0.22834778
3,12,0.10978699,0.2284851,0.15870667
3,23,0.06581116,0.031784058,-0.028198242
3,30,-0.057556152,-0.15757751,-0.10638428
3,40,-0.18707275,-0.2870636,-0.085617065
3,49,-0.23348999,-0.355484,-0.07949829
3,58,-0.20295715,-0.3567047,-0.081954956
3,69,-0.14553833,-0.30662537,-0.061187744
3,78,-0.08444214,-0.21743774,-0.033081055
3,88,-0.034347534,-0.113586426,-0.006210327
3,99,0.004745483,-0.02684021,0.02067566
3,115,0.02796936,0.025680542,0.030441284
3,118,0.0438385,0.039108276,0.019439697
,,,,
3,4,0.14645386,0.42884827,0.16604614
3,13,0.06581116,0.26879883,0.18437195
3,24,0.04017639,0.0953064,0.015792847
3,32,-0.047790527,-0.089157104,-0.0978241
3,42,-0.17362976,-0.21011353,-0.08317566
3,51,-0.22492981,-0.27241516,-0.053848267
3,58,-0.18707275,-0.27853394,-0.053848267
3,68,-0.11985779,-0.24188232,-0.041641235
3,77,-0.060012817,-0.17222595,-0.025756836
3,87,-0.022125244,-0.09892273,-0.01109314
3,98,-0.0050354,-0.056167603,0.006011963
3,112,-0.001358032,-0.040283203,0.023117065
3,118,-1.53E-04,-0.032958984,0.034118652
3,127,0.001083374,-0.0390625,0.026779175
,,,,
3,4,0.18066406,0.47650146,0.18191528
3,12,0.089019775,0.28956604,0.20880127
3,22,0.069488525,0.09164429,0.019439697
3,29,-0.023361206,-0.11236572,-0.11250305
3,38,-0.16630554,-0.24064636,-0.10394287
3,48,-0.22860718,-0.302948,-0.07217407
3,59,-0.19439697,-0.302948,-0.06851196
3,69,-0.11741638,-0.25408936,-0.056289673
3,78,-0.04168701,-0.18443298,-0.040420532
3,87,0.012084961,-0.11968994,-0.028198242
3,98,0.04017639,-0.089157104,-0.013534546
3,107,0.041381836,-0.089157104,-0.003768921
3,117,0.02796936,-0.105026245,0.001113892
3,126,0.015731812,-0.10626221,0.006011963
3,135,0.013290405,-0.080596924,0.009674072
3,147,0.024291992,-0.047607422,0.01335144
,,,,
3,7,0.20143127,0.60232544,0.14894104
3,14,0.09269714,0.41905212,0.26011658
3,24,0.06581116,0.24801636,0.10496521
3,32,0.016967773,0.046447754,-0.08073425
3,42,-0.123535156,-0.12458801,-0.113708496
3,52,-0.23472595,-0.23208618,-0.07461548
3,61,-0.23472595,-0.28097534,-0.07095337
3,72,-0.17851257,-0.27607727,-0.073410034
3,82,-0.114974976,-0.23332214,-0.057525635
3,91,-0.05633545,-0.16856384,-0.04286194
3,102,-0.0050354,-0.11846924,-0.030639648
3,112,0.030410767,-0.10258484,-0.013534546
3,121,0.048721313,-0.10258484,0.002349854
3,131,0.05480957,-0.09403992,0.015792847
3,139,0.05848694,-0.08670044,0.012115479
,,,,
3,4,0.25517273,0.5204773,0.035324097
3,14,0.13545227,0.34210205,0.18803406
3,23,0.07437134,0.17350769,0.09640503
3,31,0.026733398,-0.002426148,-0.08929443
3,42,-0.10032654,-0.12702942,-0.13447571
3,50,-0.21640015,-0.18078613,-0.07095337
3,59,-0.22492981,-0.18322754,-0.033081055
3,68,-0.15162659,-0.15390015,-0.02331543
3,79,-0.074661255,-0.11968994,-0.009872437
3,88,-0.019683838,-0.08305359,-0.006210327
3,98,0.004745483,-0.073272705,-0.006210327
3,109,0.005966187,-0.09403992,-0.004989624
3,120,-0.003799439,-0.12458801,-0.001327515
3,127,-0.006240845,-0.14045715,0.003570557
3,137,0.004745483,-0.13191223,0.006011963
3,146,0.029174805,-0.105026245,0.00479126
,,,,
3,5,0.1769867,0.44961548,0.16604614
3,14,0.08657837,0.29689026,0.19902039
3,25,0.045043945,0.123413086,0.04510498
3,34,-0.046569824,-0.06349182,-0.07949829
3,44,-0.1723938,-0.18688965,-0.08317566
3,53,-0.23472595,-0.24552917,-0.05873108
3,62,-0.20295715,-0.26141357,-0.05506897
3,72,-0.13574219,-0.24188232,-0.045303345
3,81,-0.07588196,-0.19543457,-0.025756836
3,91,-0.034347534,-0.13801575,-0.014755249
3,101,-0.011138916,-0.09770203,-0.009872437
3,111,-0.001358032,-0.08181763,-0.001327515
3,163,-1.53E-04,-0.07449341,0.00479126
3,168,0.002288818,-0.068374634,0.007232666
3,171,0.00352478,-0.05860901,0.007232666
3,176,0.010848999,-0.041519165,0.003570557
3,179,0.025512695,-0.01953125,-0.002532959
3,182,0.036499023,-0.001205444,-0.004989624
3,187,0.03894043,0.011001587,-0.001327515
3,188,0.02796936,0.017120361,0.002349854
,,,,
3,4,0.24172974,0.5583496,0.14282227
3,13,0.12322998,0.37019348,0.24667358
3,24,0.069488525,0.1783905,0.08908081
3,34,-0.006240845,-0.02684021,-0.09661865
3,42,-0.14553833,-0.17222595,-0.12471008
3,51,-0.2383728,-0.2528534,-0.07585144
3,61,-0.22737122,-0.2821808,-0.05506897
3,71,-0.1589508,-0.2687378,-0.048965454
3,80,-0.09176636,-0.22964478,-0.03919983
3,90,-0.044128418,-0.16978455,-0.030639648
3,99,-0.017242432,-0.11968994,-0.020858765
3,109,-0.001358032,-0.09892273,-0.00743103
3,122,0.015731812,-0.085494995,-0.006210327
3,131,0.032852173,-0.073272705,-0.014755249
3,138,0.049926758,-0.061050415,-0.014755249
,,,,
3,3,0.25152588,0.49726868,0.08908081
3,13,0.15744019,0.36775208,0.22346497
3,24,0.10978699,0.21992493,0.11717224
3,33,0.05116272,0.023239136,-0.061187744
3,41,-0.08200073,-0.15390015,-0.121032715
3,49,-0.20295715,-0.26509094,-0.09906006
3,59,-0.22492981,-0.3053894,-0.09049988
3,68,-0.1723938,-0.27607727,-0.08683777
3,78,-0.10032654,-0.19422913,-0.06362915
3,89,-0.046569824,-0.085494995,-0.034301758
3,98,-0.016021729,0.007354736,-0.003768921
3,109,-0.013580322,0.04156494,0.030441284
3,119,-0.04045105,0.034225464,0.053649902
3,128,-0.067337036,0.013458252,0.043884277
,,,,
3,4,0.1818695,0.43128967,0.22834778
3,19,0.08781433,0.2260437,0.16970825
3,25,0.04748535,0.02444458,-0.052627563
3,31,-0.067337036,-0.16001892,-0.15771484
3,39,-0.19927979,-0.25408936,-0.113708496
3,50,-0.22737122,-0.2846222,-0.06729126
3,59,-0.1565094,-0.26264954,-0.062408447
3,69,-0.06367493,-0.20887756,-0.057525635
3,80,0.00352478,-0.14779663,-0.04408264
3,89,0.037734985,-0.11114502,-0.034301758
3,99,0.0438385,-0.11480713,-0.025756836
3,111,0.036499023,-0.14289856,-0.024536133
3,120,0.018173218,-0.16856384,-0.02331543
3,128,0.008407593,-0.17466736,-0.013534546
3,137,0.014526367,-0.14169312,-0.004989624
3,146,0.037734985,-0.07081604,-0.015975952
3,156,0.06336975,-0.007324219,-0.017196655
,,,,
3,3,0.2796173,0.58644104,0.04020691
3,9,0.1940918,0.4386139,0.21002197
3,19,0.11224365,0.24557495,0.15748596
3,27,0.056045532,0.02444458,-0.041641235
3,36,-0.07344055,-0.16122437,-0.13691711
3,46,-0.21516418,-0.26141357,-0.101501465
3,55,-0.2542572,-0.2919464,-0.06362915
3,66,-0.19563293,-0.2687378,-0.050186157
3,75,-0.11009216,-0.20275879,-0.028198242
3,85,-0.03678894,-0.12213135,-0.014755249
3,94,0.002288818,-0.06472778,-0.00743103
3,105,0.012084961,-0.057388306,-0.002532959
3,114,0.00352478,-0.08670044,-0.001327515
3,125,-0.006240845,-0.11480713,-0.003768921
3,134,-0.009918213,-0.10748291,-0.006210327
3,145,0.00352478,-0.08305359,-0.00743103
,,,,
3,4,0.28450012,0.5778961,0.08540344
3,17,0.1635437,0.37875366,0.24543762
3,23,0.08657837,0.17959595,0.12937927
3,35,0.018173218,-0.032958984,-0.081954956
3,42,-0.12721252,-0.19911194,-0.14427185
3,52,-0.24937439,-0.27973938,-0.08929443
3,62,-0.2505951,-0.2919464,-0.062408447
3,71,-0.17118835,-0.25164795,-0.05996704
3,81,-0.08810425,-0.18443298,-0.048965454
3,90,-0.030685425,-0.10992432,-0.034301758
3,100,-0.003799439,-0.057388306,-0.022094727
3,110,-0.001358032,-0.04396057,-0.012313843
3,122,-0.009918213,-0.029281616,-0.002532959
3,130,-0.019683838,-0.020751953,0.001113892
,,,,
3,7,0.14889526,0.3885193,0.17703247
3,15,0.10978699,0.25045776,0.08908081
3,24,0.05480957,0.08432007,-0.05506897
3,32,-0.060012817,-0.048843384,-0.094177246
3,42,-0.15774536,-0.13313293,-0.06362915
3,52,-0.17851257,-0.18443298,-0.056289673
3,62,-0.14430237,-0.20767212,-0.05873108
3,73,-0.10154724,-0.20643616,-0.05140686
3,82,-0.070999146,-0.17834473,-0.050186157
3,92,-0.04901123,-0.14045715,-0.04408264
3,102,-0.03678894,-0.12825012,-0.013534546
3,113,-0.04534912,-0.12213135,0.029220581
3,120,-0.044128418,-0.101364136,0.047561646
3,130,-0.019683838,-0.08305359,0.035324097
,,,,
3,3,0.18310547,0.5253601,0.17459106
3,11,0.073135376,0.32621765,0.25767517
3,21,0.053604126,0.17227173,0.08540344
3,29,0.018173218,-0.015853882,-0.101501465
3,38,-0.102767944,-0.17222595,-0.14303589
3,47,-0.19563293,-0.2711792,-0.10638428
3,56,-0.19563293,-0.32495117,-0.08805847
3,68,-0.14430237,-0.34083557,-0.08805847
3,77,-0.09176636,-0.32250977,-0.08317566
3,87,-0.057556152,-0.26141357,-0.069732666
3,97,-0.028244019,-0.17834473,-0.041641235
3,108,-0.009918213,-0.105026245,0.00479126
3,118,0.004745483,-0.04396057,0.03288269
,,,,
3,2,0.2429657,0.56933594,0.084198
3,10,0.10614014,0.32499695,0.25279236
3,17,0.03529358,0.090423584,0.12205505
3,26,-0.0209198,-0.15634155,-0.10638428
3,35,-0.16386414,-0.32250977,-0.1613617
3,46,-0.27870178,-0.3811493,-0.08683777
3,55,-0.2640381,-0.3677063,-0.037963867
3,65,-0.15530396,-0.29440308,-0.01965332
3,75,-0.031906128,-0.19178772,0.001113892
3,84,0.056045532,-0.08181763,0.018234253
3,94,0.10002136,-0.008529663,0.027999878
3,105,0.104904175,0.00491333,0.034118652
,,,,
3,4,0.25761414,0.6585388,0.090286255
3,14,0.12200928,0.3934021,0.25035095
3,24,0.030410767,0.14050293,0.11717224
3,34,-0.05267334,-0.10748291,-0.10762024
3,43,-0.21640015,-0.28097534,-0.15524292
3,52,-0.33122253,-0.35792542,-0.07585144
3,61,-0.3067932,-0.3738098,-0.03186035
3,71,-0.19316101,-0.3176117,-0.026977539
3,80,-0.074661255,-0.2394104,-0.022094727
3,90,-0.0050354,-0.15757751,-0.03186035
3,99,0.03161621,-0.06593323,-0.03552246
,,,,
3,4,0.26741028,0.46914673,0.14649963
3,15,0.17332458,0.30667114,0.21124268
3,23,0.13911438,0.13806152,0.052444458
3,32,0.052368164,-0.053726196,-0.0978241
3,42,-0.09788513,-0.19299316,-0.10394287
3,52,-0.20172119,-0.2846222,-0.061187744
3,63,-0.21150208,-0.31150818,-0.048965454
3,72,-0.1699524,-0.27973938,-0.03552246
3,81,-0.11985779,-0.20643616,-0.009872437
3,91,-0.08200073,-0.1038208,0.015792847
3,101,-0.062454224,-0.017089844,0.05000305
3,113,-0.057556152,0.028121948,0.07319641
3,122,-0.050231934,0.04156494,0.063430786
,,,,
3,39,0.20507812,0.5278015,0.04020691
3,44,0.10858154,0.36897278,0.21490479
3,48,0.04748535,0.17715454,0.15626526
3,52,0.02305603,-0.028076172,-0.046524048
3,56,-0.07588196,-0.19299316,-0.14303589
3,59,-0.1882782,-0.2736206,-0.10762024
3,66,-0.20783997,-0.29930115,-0.07095337
3,70,-0.14797974,-0.27973938,-0.05996704
3,74,-0.07221985,-0.23088074,-0.041641235
3,86,-0.013580322,-0.16366577,-0.022094727
3,93,0.021850586,-0.09770203,-0.004989624
3,103,0.03529358,-0.05128479,0.01335144
3,112,0.041381836,-0.018295288,0.030441284
3,121,0.042617798,-0.007324219,0.02067566
,,,,
3,3,0.2429657,0.5070343,0.10984802
3,17,0.13667297,0.36531067,0.22346497
3,21,0.10002136,0.20283508,0.08784485
3,30,0.021850586,0.001235962,-0.073410034
3,39,-0.13330078,-0.14289856,-0.08929443
3,48,-0.23960876,-0.23452759,-0.050186157
3,57,-0.22982788,-0.2736206,-0.056289673
3,67,-0.16506958,-0.2662964,-0.06607056
3,77,-0.102767944,-0.22476196,-0.056289673
3,88,-0.062454224,-0.15634155,-0.03919983
3,97,-0.04168701,-0.085494995,-0.01109314
3,109,-0.044128418,-0.036605835,0.035324097
3,117,-0.05633545,-0.015853882,0.062210083
,,,,
3,5,0.16844177,0.4716034,0.22956848
3,14,0.089019775,0.27734375,0.19047546
3,24,0.07925415,0.08187866,-0.048965454
3,33,-0.019683838,-0.11602783,-0.16868591
3,41,-0.16262817,-0.21864319,-0.12350464
3,50,-0.20904541,-0.26509094,-0.077056885
3,59,-0.154068,-0.25897217,-0.07585144
3,69,-0.07588196,-0.21987915,-0.069732666
3,80,-0.018478394,-0.17222595,-0.057525635
3,89,0.013290405,-0.14289856,-0.045303345
3,99,0.01940918,-0.15023804,-0.034301758
3,109,0.013290405,-0.17834473,-0.025756836
3,118,-1.53E-04,-0.19667053,-0.018417358
3,129,-0.011138916,-0.16856384,0.002349854
3,139,-0.003799439,-0.113586426,0.015792847
3,148,0.029174805,-0.053726196,0.008453369
,,,,
3,5,0.18066406,0.5278015,0.23446655
3,15,0.10002136,0.38607788,0.22590637
3,25,0.08657837,0.2077179,0.01335144
3,35,-0.023361206,0.02079773,-0.110061646
3,45,-0.18707275,-0.11480713,-0.085617065
3,54,-0.2713623,-0.21743774,-0.05873108
3,63,-0.2640381,-0.27485657,-0.06484985
3,73,-0.22860718,-0.28097534,-0.05506897
3,82,-0.19563293,-0.2394104,-0.036743164
3,91,-0.16262817,-0.16978455,-0.014755249
3,101,-0.13697815,-0.120910645,0.035324097
3,111,-0.11621094,-0.085494995,0.09272766
3,120,-0.08078003,-0.052490234,0.09640503
3,134,-0.030685425,-0.029281616,0.063430786
3,141,0.014526367,-0.021957397,0.037765503
,,,,
3,3,0.23075867,0.5388031,0.059768677
3,9,0.15011597,0.42884827,0.2197876
3,19,0.09635925,0.2785797,0.18069458
3,29,0.076812744,0.09286499,-0.004989624
3,40,-0.017242432,-0.08305359,-0.11126709
3,46,-0.13453674,-0.18811035,-0.0978241
3,55,-0.17851257,-0.24552917,-0.07095337
3,65,-0.14674377,-0.2577362,-0.06851196
3,75,-0.09176636,-0.24308777,-0.057525635
3,85,-0.042907715,-0.20767212,-0.050186157
3,96,-0.013580322,-0.16978455,-0.04408264
3,105,0.002288818,-0.15023804,-0.030639648
3,115,0.005966187,-0.13801575,-0.014755249
3,126,0.008407593,-0.11236572,-9.16E-05
3,135,0.016967773,-0.07081604,0.009674072
,,,,
3,8,0.21852112,0.5021515,0.12573242
3,14,0.11956787,0.36408997,0.2539978
3,25,0.076812744,0.21504211,0.14526367
3,33,0.025512695,0.018341064,-0.028198242
3,43,-0.09664917,-0.14535522,-0.08929443
3,53,-0.19439697,-0.24188232,-0.07217407
3,63,-0.2041626,-0.28829956,-0.06607056
3,73,-0.14430237,-0.28097534,-0.06607056
3,82,-0.07221985,-0.23452759,-0.05506897
3,91,-0.014801025,-0.16612244,-0.041641235
3,101,0.021850586,-0.09648132,-0.026977539
3,113,0.04017639,-0.048843384,-9.16E-05
3,119,0.037734985,-0.024398804,0.019439697
,,,,
3,3,0.23440552,0.5180359,0.21858215
3,10,0.13423157,0.32621765,0.21614075
3,24,0.10368347,0.10386658,-0.008651733
3,30,-0.012359619,-0.12580872,-0.15403748
3,38,-0.1882782,-0.26141357,-0.13082886
3,47,-0.2750244,-0.3237152,-0.08317566
3,57,-0.24325562,-0.3237152,-0.073410034
3,66,-0.16262817,-0.2736206,-0.057525635
3,76,-0.09300232,-0.19787598,-0.034301758
3,85,-0.042907715,-0.11846924,-0.015975952
3,95,-0.014801025,-0.06349182,0.008453369
3,105,-0.002593994,-0.029281616,0.034118652
3,115,-0.002593994,-0.014648438,0.037765503
,,,,
3,2,0.17210388,0.613327,0.20269775
3,10,0.060928345,0.40196228,0.2649994
3,22,0.015731812,0.1783905,0.070755005
3,31,-0.06855774,-0.059829712,-0.113708496
3,39,-0.206604,-0.22599792,-0.13691711
3,48,-0.2701416,-0.31394958,-0.1002655
3,57,-0.22737122,-0.3334961,-0.092941284
3,67,-0.13697815,-0.29562378,-0.08683777
3,76,-0.050231934,-0.22964478,-0.073410034
3,86,0.013290405,-0.16734314,-0.061187744
3,98,0.05116272,-0.13923645,-0.04774475
3,105,0.06581116,-0.14535522,-0.03919983
3,116,0.06825256,-0.15267944,-0.037963867
3,125,0.06825256,-0.14413452,-0.03919983
3,134,0.08413696,-0.10626221,-0.041641235
,,,,
3,7,0.18798828,0.4202881,0.08908081
3,14,0.1281128,0.31889343,0.15870667
3,24,0.11590576,0.19792175,0.051208496
3,32,0.073135376,0.047668457,-0.07461548
3,42,-0.039245605,-0.068374634,-0.081954956
3,51,-0.14309692,-0.14169312,-0.036743164
3,61,-0.17118835,-0.17710876,-0.028198242
3,72,-0.15286255,-0.19543457,-0.029418945
3,81,-0.12597656,-0.19911194,-0.025756836
3,91,-0.09788513,-0.18322754,-0.02331543
3,101,-0.07221985,-0.15267944,-0.014755249
3,111,-0.04901123,-0.12213135,-0.002532959
3,120,-0.03312683,-0.080596924,0.019439697
3,130,-0.02458191,-0.031723022,0.05000305
3,139,-0.00869751,-0.002426148,0.053649902
,,,,
3,5,0.1659851,0.574234,0.22346497
3,14,0.07803345,0.40318298,0.26011658
3,25,0.042617798,0.21748352,0.09152222
3,34,-0.057556152,0.014678955,-0.052627563
3,43,-0.20172119,-0.12580872,-0.069732666
3,52,-0.2640381,-0.21499634,-0.057525635
3,62,-0.2224884,-0.24188232,-0.073410034
3,71,-0.14674377,-0.21743774,-0.077056885
3,81,-0.078323364,-0.17466736,-0.06362915
3,90,-0.028244019,-0.16246033,-0.056289673
3,101,-0.009918213,-0.17834473,-0.056289673
3,111,-0.003799439,-0.18933105,-0.05140686
3,119,0.008407593,-0.19299316,-0.04286194
3,128,0.034057617,-0.17100525,-0.046524048
3,140,0.059692383,-0.14289856,-0.050186157
,,,,
3,7,0.029174805,0.31765747,0.25888062
3,18,-0.0209198,0.0806427,0.02067566
3,30,-0.13941956,-0.15390015,-0.13327026
3,36,-0.2835846,-0.29318237,-0.11982727
3,46,-0.33122253,-0.3542633,-0.08073425
3,56,-0.27626038,-0.32617188,-0.06607056
3,65,-0.18339539,-0.23332214,-0.04408264
3,74,-0.08932495,-0.11236572,-0.020858765
3,83,-0.0209198,-0.013412476,0.00479126
3,93,0.002288818,0.022003174,0.043884277
3,105,0.002288818,0.013458252,0.05732727
,,,,
3,20,0.13911438,0.5045929,0.27844238
3,26,0.020614624,0.26634216,0.23200989
3,30,-0.027023315,0.023239136,-0.02331543
3,34,-0.14918518,-0.19055176,-0.1638031
3,45,-0.286026,-0.29930115,-0.12594604
3,53,-0.3067932,-0.3310547,-0.073410034
3,63,-0.21395874,-0.3005066,-0.06484985
3,71,-0.090545654,-0.22964478,-0.056289673
3,80,0.008407593,-0.15390015,-0.053848267
3,91,0.069488525,-0.10014343,-0.057525635
3,101,0.09390259,-0.09403992,-0.052627563
3,110,0.09513855,-0.12213135,-0.045303345
3,120,0.09025574,-0.12213135,-0.03552246
3,129,0.09025574,-0.10258484,-0.04286194
,,,,
3,4,0.10368347,0.28222656,0.10984802
3,15,-0.007476807,0.12585449,0.21124268
3,20,-0.0209198,0.00491333,0.08174133
3,31,-0.023361206,-0.10258484,-0.09049988
3,39,-0.079559326,-0.14657593,-0.11250305
3,49,-0.102767944,-0.13923645,-0.05873108
3,59,-0.053894043,-0.11846924,-0.041641235
3,68,0.00718689,-0.12702942,-0.03919983
3,79,0.020614624,-0.14169312,-0.036743164
3,89,0.002288818,-0.12702942,-0.029418945
3,98,-0.0050354,-0.10870361,-0.024536133
3,108,0.002288818,-0.092819214,-0.013534546
3,119,0.013290405,-0.080596924,0.010894775
3,128,0.016967773,-0.06716919,0.04020691
3,136,0.018173218,-0.040283203,0.043884277
,,,,
3,3,0.069488525,0.34942627,0.19779968
3,14,0.015731812,0.20159912,0.118392944
3,22,-0.047790527,0.04032898,-0.030639648
3,31,-0.1589508,-0.089157104,-0.077056885
3,40,-0.22737122,-0.15878296,-0.056289673
3,49,-0.20539856,-0.18688965,-0.050186157
3,59,-0.1381836,-0.18199158,-0.046524048
3,69,-0.07588196,-0.15757751,-0.036743164
3,79,-0.034347534,-0.12458801,-0.033081055
3,89,-0.013580322,-0.10626221,-0.030639648
3,99,-0.001358032,-0.11236572,-0.02331543
3,110,0.012084961,-0.13069153,-0.018417358
3,120,0.024291992,-0.13801575,-0.012313843
3,129,0.03894043,-0.12580872,-0.012313843
3,140,0.062149048,-0.09770203,-0.01965332
,,,,
3,3,0.23928833,0.42640686,0.024337769
3,8,0.15988159,0.35310364,0.19291687
3,18,0.10978699,0.26757812,0.16236877
3,29,0.08413696,0.15274048,0.001113892
3,38,-0.009918213,0.044006348,-0.073410034
3,47,-0.11621094,-0.029281616,-0.05506897
3,56,-0.15286255,-0.06472778,-0.03919983
3,66,-0.12721252,-0.07571411,-0.04408264
3,75,-0.086883545,-0.06593323,-0.045303345
3,85,-0.053894043,-0.045166016,-0.04286194
3,97,-0.04534912,-0.040283203,-0.037963867
3,104,-0.051452637,-0.068374634,-0.030639648
3,113,-0.06611633,-0.11846924,-0.028198242
3,123,-0.08200073,-0.16612244,-0.033081055
3,132,-0.08810425,-0.19667053,-0.03919983
3,141,-0.074661255,-0.19911194,-0.040420532
3,150,-0.042907715,-0.16490173,-0.03552246
3,161,0.001083374,-0.085494995,-0.01109314
3,171,0.037734985,-0.006088257,0.01335144
,,,,
3,6,0.2270813,0.46549988,0.19657898
3,17,0.14889526,0.33476257,0.22956848
3,24,0.12690735,0.18327332,0.04876709
3,33,0.032852173,3.05E-05,-0.09049988
3,43,-0.12109375,-0.13191223,-0.08683777
3,53,-0.20904541,-0.22720337,-0.057525635
3,64,-0.21028137,-0.2736206,-0.057525635
3,73,-0.17851257,-0.27607727,-0.048965454
3,83,-0.14430237,-0.24064636,-0.030639648
3,93,-0.114974976,-0.17834473,-0.014755249
3,102,-0.08810425,-0.120910645,0.003570557
3,114,-0.062454224,-0.076934814,0.026779175
3,122,-0.04045105,-0.0390625,0.052444458
3,131,-0.016021729,-0.014648438,0.051208496
3,141,0.018173218,-0.007324219,0.027999878
,,,,
3,8,0.14155579,0.34698486,0.21734619
3,17,0.08413696,0.23213196,0.15748596
3,27,0.03529358,0.06843567,-0.003768921
3,37,-0.08932495,-0.089157104,-0.073410034
3,46,-0.20295715,-0.19299316,-0.062408447
3,55,-0.23472595,-0.250412,-0.062408447
3,65,-0.19807434,-0.25897217,-0.06362915
3,75,-0.13574219,-0.22476196,-0.05506897
3,84,-0.08200073,-0.15634155,-0.04286194
3,94,-0.04045105,-0.08425903,-0.029418945
3,103,-0.011138916,-0.04396057,-0.018417358
3,114,0.009628296,-0.02684021,-0.008651733
3,122,0.018173218,-0.013412476,-0.008651733
3,132,0.016967773,-0.008529663,-0.006210327
,,,,
3,3,0.31748962,0.58277893,0.024337769
3,12,0.23196411,0.4777069,0.21490479
3,22,0.13667297,0.33721924,0.21246338
3,31,0.06336975,0.13929749,0.042648315
3,40,-0.083221436,-0.07815552,-0.069732666
3,48,-0.24325562,-0.23576355,-0.06851196
3,58,-0.3019104,-0.32739258,-0.052627563
3,68,-0.2566986,-0.3469391,-0.056289673
3,77,-0.16630554,-0.30174255,-0.050186157
3,88,-0.07221985,-0.21987915,-0.03552246
3,98,0.00718689,-0.13435364,-0.020858765
3,108,0.060928345,-0.08305359,-0.006210327
3,117,0.09146118,-0.06593323,-0.001327515
3,129,0.09880066,-0.059829712,-0.003768921
3,136,0.09635925,-0.0390625,-0.00743103
,,,,
3,7,0.14645386,0.3726349,0.23078918
3,18,0.08291626,0.21871948,0.13793945
3,25,0.014526367,0.02079773,-0.03919983
3,33,-0.123535156,-0.13923645,-0.1002655
3,43,-0.24081421,-0.21987915,-0.073410034
3,53,-0.2566986,-0.24432373,-0.05873108
3,64,-0.19195557,-0.2210846,-0.05140686
3,73,-0.10520935,-0.16366577,-0.03919983
3,82,-0.034347534,-0.09770203,-0.03186035
3,92,0.00718689,-0.05128479,-0.026977539
3,104,0.029174805,-0.046401978,-0.020858765
3,111,0.032852173,-0.073272705,-0.020858765
3,121,0.024291992,-0.09892273,-0.020858765
3,130,0.01940918,-0.09037781,-0.015975952
3,140,0.02796936,-0.068374634,-0.022094727
,,,,
3,4,0.18310547,0.44837952,-0.017196655
3,14,0.10978699,0.36164856,0.15626526
3,21,0.020614624,0.20648193,0.17337036
3,29,-0.028244019,0.037887573,0.015792847
3,38,-0.12965393,-0.12702942,-0.09173584
3,48,-0.24571228,-0.23820496,-0.081954956
3,57,-0.27746582,-0.2846222,-0.053848267
3,66,-0.220047,-0.25897217,-0.045303345
3,78,-0.13330078,-0.20399475,-0.029418945
3,88,-0.06123352,-0.12947083,-0.008651733
3,98,-0.014801025,-0.048843384,0.009674072
3,107,0.013290405,-0.008529663,0.03288269
3,119,0.032852173,0.001235962,0.03288269
,,,,
3,4,0.20631409,0.5058136,0.12693787
3,16,0.097579956,0.33842468,0.21002197
3,22,0.049926758,0.14906311,0.059768677
3,32,-0.038009644,-0.057388306,-0.1002655
3,40,-0.18583679,-0.20399475,-0.11494446
3,49,-0.2677002,-0.27607727,-0.077056885
3,59,-0.24081421,-0.27973938,-0.069732666
3,69,-0.16262817,-0.23208618,-0.06729126
3,78,-0.090545654,-0.16734314,-0.05140686
3,88,-0.035568237,-0.101364136,-0.046524048
3,98,-0.003799439,-0.0549469,-0.04408264
3,107,0.005966187,-0.031723022,-0.03186035
3,119,-1.53E-04,-0.006088257,-0.015975952
3,127,-0.0050354,0.008560181,-0.008651733
,,,,
3,4,0.13545227,0.40808105,0.17459106
3,17,0.06581116,0.18815613,0.09762573
3,24,0.016967773,-0.031723022,-0.105163574
3,33,-0.123535156,-0.21743774,-0.18457031
3,41,-0.25549316,-0.3395996,-0.15403748
3,51,-0.2738037,-0.3848114,-0.15892029
3,60,-0.19927979,-0.3652649,-0.17848206
3,69,-0.11253357,-0.34327698,-0.15403748
3,81,-0.062454224,-0.31028748,-0.1161499
3,90,-0.03678894,-0.25408936,-0.08683777
3,101,-0.017242432,-0.21011353,-0.06484985
3,108,0.008407593,-0.19299316,-0.062408447
3,119,0.03894043,-0.17710876,-0.06851196
3,128,0.07192993,-0.13191223,-0.08073425
3,137,0.08657837,-0.072052,-0.08073425
